{
    "require": {
        "html2text/html2text": {
            "version": "4.3.1",
            "url": "https://github.com/mtibben/html2text/archive/refs/tags/4.3.1.zip"
        },
        "psr/event-dispatcher": {
            "version": "1.0.0",
            "url": "https://github.com/php-fig/event-dispatcher/archive/refs/tags/1.0.0.zip"
        },
        "symfony/css-selector": {
            "version": "v5.4.0",
            "url": "https://github.com/symfony/css-selector/archive/refs/tags/v5.4.0.zip"
        },
        "symfony/mailer": {
            "version": "v5.4.0",
            "url": "https://github.com/symfony/mailer/archive/refs/tags/v5.4.0.zip"
        },
        "tijsverkoyen/css-to-inline-styles": {
            "version": "2.2.4",
            "url": "https://github.com/tijsverkoyen/CssToInlineStyles/archive/refs/tags/2.2.4.zip"
        }
    }
}
